index,Index,Location,Notes,LocID,ISO3_Code,ISO2_Code,City_Code,City_Name,Capital,PWCent_Longitude,PWCent_Latitude,1975,1976,1977,1978,1979,1980,1981,1982,1983,1984,1985,1986,1987,1988,1989,1990,1991,1992,1993,1994,1995,1996,1997,1998,1999,2000,2001,2002,2003,2004,2005,2006,2007,2008,2009,2010,2011,2012,2013,2014,2015,2016,2017,2018,2019,2020,2021,2022,2023,2024,2025,2026,2027,2028,2029,2030,2031,2032,2033,2034,2035,2036,2037,2038,2039,2040,2041,2042,2043,2044,2045,2046,2047,2048,2049,2050,Rank_Order
16005,16006,United States of America,32.0,840,USA,US,8354,New York City,0,-73.9326853899908,40.7378578900136,12076.416,12010.545,11944.673,11878.802,11812.93,11747.059,11777.472,11807.885,11838.299,11868.712,11899.125,11921.957,11944.789,11967.62,11990.452,12013.284,12117.515,12221.746,12325.976,12430.207,12534.438,12636.447,12738.456,12840.465,12942.474,13044.483,13075.195,13105.907,13136.619,13167.331,13198.043,13246.109,13294.175,13342.24,13390.306,13438.372,13499.68,13560.988,13622.295,13683.603,13744.911,13805.543,13866.175,13926.807,13987.439,14048.071,14022.486,13996.902,13971.317,13945.733,13920.148,13902.818,13885.488,13868.158,13850.828,13833.498,13813.076,13792.653,13772.231,13751.808,13731.386,13703.043,13674.7,13646.357,13618.014,13589.671,13562.013,13534.355,13506.696,13479.038,13451.38,13406.01,13360.64,13315.271,13269.901,13224.531,1
15958,15959,United States of America,32.0,840,USA,US,1725,Los Angeles,0,-118.116720299597,33.9842364485583,7717.837,7815.404,7912.971,8010.537,8108.104,8205.671,8418.303,8630.934,8843.566,9056.197,9268.829,9463.952,9659.075,9854.198,10049.321,10244.444,10335.834,10427.224,10518.614,10610.004,10701.394,10800.24,10899.087,10997.933,11096.78,11195.626,11238.649,11281.671,11324.694,11367.716,11410.739,11471.595,11532.452,11593.308,11654.165,11715.021,11793.253,11871.485,11949.717,12027.949,12106.181,12183.243,12260.305,12337.367,12414.429,12491.491,12541.277,12591.063,12640.848,12690.634,12740.42,12806.288,12872.157,12938.025,13003.894,13069.762,13117.32,13164.878,13212.435,13259.993,13307.551,13348.225,13388.898,13429.572,13470.245,13510.919,13557.598,13604.277,13650.957,13697.636,13744.315,13767.909,13791.503,13815.096,13838.69,13862.284,2
15903,15904,United States of America,32.0,840,USA,US,6237,Houston,0,-95.46766651668,29.7463622221773,106.945,125.585,144.225,162.864,181.504,200.144,218.655,237.166,255.677,274.188,292.699,339.52,386.341,433.162,479.983,526.804,603.442,680.08,756.717,833.355,909.993,973.795,1037.597,1101.398,1165.2,1229.002,1307.0,1384.997,1462.995,1540.992,1618.99,1736.62,1854.25,1971.881,2089.511,2207.141,2327.265,2447.389,2567.514,2687.638,2807.762,2934.211,3060.66,3187.108,3313.557,3440.006,3543.014,3646.022,3749.03,3852.038,3955.046,4020.455,4085.864,4151.272,4216.681,4282.09,4356.537,4430.983,4505.43,4579.876,4654.323,4716.956,4779.589,4842.222,4904.855,4967.488,5020.616,5073.745,5126.873,5180.002,5233.13,5282.459,5331.787,5381.116,5430.444,5479.773,3
15796,15797,United States of America,32.0,840,USA,US,7747,Chicago,0,-87.7074504792355,41.8726060313807,3448.323,3446.525,3444.728,3442.93,3441.133,3439.335,3441.447,3443.56,3445.672,3447.785,3449.897,3449.493,3449.089,3448.685,3448.281,3447.877,3481.782,3515.687,3549.591,3583.496,3617.401,3641.935,3666.468,3691.002,3715.535,3740.069,3729.486,3718.902,3708.319,3697.735,3687.152,3672.756,3658.359,3643.963,3629.566,3615.17,3615.634,3616.098,3616.563,3617.027,3617.491,3635.059,3652.626,3670.194,3687.761,3705.329,3700.94,3696.551,3692.163,3687.774,3683.385,3680.163,3676.941,3673.72,3670.498,3667.276,3664.681,3662.086,3659.49,3656.895,3654.3,3650.276,3646.252,3642.227,3638.203,3634.179,3630.409,3626.639,3622.869,3619.099,3615.329,3609.335,3603.341,3597.347,3591.353,3585.359,4
16143,16144,United States of America,32.0,840,USA,US,8123,"Washington, D.C.",1,-77.0743377301391,38.9071419499321,1055.262,1049.674,1044.086,1038.498,1032.91,1027.322,1071.608,1115.895,1160.181,1204.468,1248.754,1284.027,1319.3,1354.572,1389.845,1425.118,1449.694,1474.27,1498.846,1523.422,1547.998,1619.831,1691.664,1763.496,1835.329,1907.162,1960.986,2014.81,2068.634,2122.458,2176.282,2227.352,2278.423,2329.493,2380.564,2431.634,2508.615,2585.595,2662.576,2739.556,2816.537,2865.838,2915.14,2964.441,3013.743,3063.044,3104.439,3145.834,3187.228,3228.623,3270.018,3294.317,3318.616,3342.916,3367.215,3391.514,3404.948,3418.381,3431.815,3445.248,3458.682,3479.15,3499.618,3520.087,3540.555,3561.023,3584.023,3607.023,3630.024,3653.024,3676.024,3685.965,3695.906,3705.848,3715.789,3725.73,5
16079,16080,United States of America,32.0,840,USA,US,1233,San Francisco,0,-122.625238949058,37.7908132131578,2136.513,2169.889,2203.265,2236.64,2270.016,2303.392,2335.253,2367.113,2398.974,2430.834,2462.695,2498.901,2535.107,2571.313,2607.519,2643.725,2663.296,2682.867,2702.437,2722.008,2741.579,2760.657,2779.735,2798.812,2817.89,2836.968,2848.197,2859.426,2870.654,2881.883,2893.112,2907.11,2921.109,2935.107,2949.106,2963.104,2980.026,2996.947,3013.869,3030.79,3047.712,3062.642,3077.572,3092.501,3107.431,3122.361,3130.586,3138.811,3147.036,3155.261,3163.486,3174.725,3185.963,3197.202,3208.44,3219.679,3224.677,3229.675,3234.673,3239.671,3244.669,3248.752,3252.835,3256.919,3261.002,3265.085,3268.285,3271.485,3274.686,3277.886,3281.086,3282.889,3284.692,3286.495,3288.298,3290.101,6
15981,15982,United States of America,32.0,840,USA,US,7289,Miami,0,-80.2813649347787,25.8606111445171,517.861,621.357,724.854,828.35,931.847,1035.343,1094.775,1154.206,1213.638,1273.069,1332.501,1407.168,1481.835,1556.501,1631.168,1705.835,1745.847,1785.859,1825.872,1865.884,1905.896,1962.581,2019.267,2075.952,2132.638,2189.323,2214.449,2239.574,2264.7,2289.825,2314.951,2345.267,2375.583,2405.9,2436.216,2466.532,2503.288,2540.045,2576.801,2613.558,2650.314,2683.932,2717.55,2751.169,2784.787,2818.405,2837.221,2856.037,2874.854,2893.67,2912.486,2931.554,2950.622,2969.689,2988.757,3007.825,3025.505,3043.185,3060.866,3078.546,3096.226,3113.975,3131.724,3149.474,3167.223,3184.972,3201.681,3218.39,3235.1,3251.809,3268.518,3280.804,3293.09,3305.375,3317.661,3329.947,7
15826,15827,United States of America,32.0,840,USA,US,6032,Denver,0,-104.968001848941,39.7230593429557,180.856,213.433,246.01,278.587,311.164,343.741,366.759,389.778,412.796,435.815,458.833,463.399,467.966,472.532,477.099,481.665,539.878,598.091,656.304,714.517,772.73,864.364,955.999,1047.633,1139.268,1230.902,1258.429,1285.956,1313.484,1341.011,1368.538,1418.645,1468.752,1518.858,1568.965,1619.072,1662.691,1706.31,1749.928,1793.547,1837.166,1898.993,1960.82,2022.648,2084.475,2146.302,2170.24,2194.179,2218.117,2242.056,2265.994,2285.419,2304.845,2324.27,2343.696,2363.121,2381.36,2399.599,2417.838,2436.077,2454.316,2471.378,2488.44,2505.503,2522.565,2539.627,2558.299,2576.97,2595.642,2614.313,2632.985,2650.012,2667.04,2684.067,2701.095,2718.122,8
16030,16031,United States of America,32.0,840,USA,US,8270,Philadelphia,0,-75.1613453952768,39.9821528990068,1913.378,1913.985,1914.592,1915.199,1915.806,1916.413,1920.649,1924.886,1929.122,1933.359,1937.595,1939.196,1940.798,1942.399,1944.001,1945.602,1958.965,1972.328,1985.692,1999.055,2012.418,2020.525,2028.632,2036.739,2044.846,2052.953,2057.033,2061.113,2065.194,2069.274,2073.354,2082.918,2092.483,2102.047,2111.612,2121.176,2129.803,2138.429,2147.056,2155.682,2164.309,2176.741,2189.172,2201.604,2214.035,2226.467,2227.658,2228.848,2230.039,2231.229,2232.42,2233.549,2234.678,2235.806,2236.935,2238.064,2247.67,2257.276,2266.882,2276.488,2286.094,2285.564,2285.034,2284.505,2283.975,2283.445,2282.442,2281.439,2280.437,2279.434,2278.431,2276.027,2273.622,2271.218,2268.813,2266.409,9
15940,15941,United States of America,32.0,840,USA,US,4714,Las Vegas,0,-115.186743472189,36.1627961059591,,,,,,,,,,,,,,,,,,,,,108.008,213.916,319.824,425.731,531.639,637.547,723.257,808.967,894.676,980.386,1066.096,1150.068,1234.04,1318.011,1401.983,1485.955,1556.67,1627.386,1698.101,1768.817,1839.532,1899.422,1959.312,2019.203,2079.093,2138.983,2147.917,2156.852,2165.786,2174.721,2183.655,2193.398,2203.141,2212.883,2222.626,2232.369,2244.579,2256.788,2268.998,2281.207,2293.417,2299.86,2306.302,2312.745,2319.187,2325.63,2341.842,2358.054,2374.267,2390.479,2406.691,2411.654,2416.616,2421.579,2426.541,2431.504,10
16031,16032,United States of America,32.0,840,USA,US,4858,Phoenix,0,-112.132587874552,33.537165846069,,,,,,,,,,,55.032,60.451,65.871,71.29,76.71,82.129,140.992,199.855,258.718,317.581,376.444,441.658,506.871,572.085,637.298,702.512,752.495,802.478,852.461,902.444,952.427,1017.154,1081.881,1146.609,1211.336,1276.063,1342.669,1409.276,1475.882,1542.489,1609.095,1663.852,1718.609,1773.365,1828.122,1882.879,1900.707,1918.536,1936.364,1954.193,1972.021,2001.114,2030.207,2059.3,2088.393,2117.486,2144.398,2171.31,2198.222,2225.134,2252.046,2286.739,2321.431,2356.124,2390.816,2425.509,2449.637,2473.765,2497.892,2522.02,2546.148,2570.991,2595.834,2620.678,2645.521,2670.364,11
16078,16079,United States of America,32.0,840,USA,US,2295,San Diego,0,-117.085563800625,32.7200324835214,308.888,346.957,385.027,423.096,461.166,499.235,549.112,598.99,648.867,698.745,748.622,796.747,844.872,892.997,941.122,989.247,1029.322,1069.397,1109.473,1149.548,1189.623,1214.896,1240.169,1265.441,1290.714,1315.987,1341.257,1366.527,1391.796,1417.066,1442.336,1466.317,1490.298,1514.278,1538.259,1562.24,1583.289,1604.338,1625.387,1646.436,1667.485,1695.057,1722.629,1750.2,1777.772,1805.344,1827.298,1849.252,1871.206,1893.16,1915.114,1933.365,1951.615,1969.866,1988.116,2006.367,2022.299,2038.231,2054.164,2070.096,2086.028,2097.972,2109.916,2121.86,2133.804,2145.748,2156.692,2167.635,2178.579,2189.522,2200.466,2207.342,2214.219,2221.095,2227.972,2234.848,12
16077,16078,United States of America,32.0,840,USA,US,5956,San Antonio,0,-98.5451909094421,29.4548084822466,,,,,,,,,,,80.678,91.33,101.982,112.634,123.286,133.938,149.627,165.316,181.006,196.695,212.384,245.404,278.425,311.445,344.466,377.486,401.103,424.72,448.337,471.954,495.571,537.055,578.539,620.023,661.507,702.991,769.888,836.785,903.681,970.578,1037.475,1126.09,1214.705,1303.32,1391.935,1480.55,1521.673,1562.795,1603.918,1645.04,1686.163,1719.635,1753.107,1786.58,1820.052,1853.524,1896.268,1939.012,1981.755,2024.499,2067.243,2088.641,2110.04,2131.438,2152.837,2174.235,2203.32,2232.405,2261.49,2290.575,2319.66,2342.257,2364.855,2387.452,2410.05,2432.647,13
15767,15768,United States of America,32.0,840,USA,US,8493,Boston,0,-71.0937500397077,42.3502483991464,1201.747,1202.372,1202.998,1203.623,1204.249,1204.874,1209.072,1213.27,1217.469,1221.667,1225.865,1229.5,1233.134,1236.769,1240.403,1244.038,1268.322,1292.607,1316.891,1341.176,1365.46,1385.131,1404.803,1424.474,1444.146,1463.817,1472.643,1481.468,1490.294,1499.119,1507.945,1514.623,1521.301,1527.98,1534.658,1541.336,1550.064,1558.792,1567.521,1576.249,1584.977,1596.338,1607.698,1619.059,1630.419,1641.78,1641.383,1640.987,1640.59,1640.194,1639.797,1640.163,1640.528,1640.894,1641.259,1641.625,1641.582,1641.539,1641.495,1641.452,1641.409,1640.729,1640.048,1639.368,1638.687,1638.007,1637.26,1636.514,1635.767,1635.021,1634.274,1632.522,1630.77,1629.019,1627.267,1625.515,14
15818,15819,United States of America,32.0,840,USA,US,6620,Dallas,0,-96.8098966500864,32.9110343791307,,,,,,55.88,89.943,124.006,158.07,192.133,226.196,257.857,289.519,321.18,352.842,384.503,416.285,448.067,479.848,511.63,543.412,587.055,630.698,674.342,717.985,761.628,777.527,793.425,809.324,825.222,841.121,875.925,910.729,945.534,980.338,1015.142,1065.673,1116.204,1166.734,1217.265,1267.796,1311.205,1354.614,1398.023,1441.432,1484.841,1492.096,1499.352,1506.607,1513.863,1521.118,1529.065,1537.012,1544.958,1552.905,1560.852,1581.19,1601.527,1621.865,1642.202,1662.54,1682.798,1703.056,1723.314,1743.572,1763.83,1775.53,1787.23,1798.931,1810.631,1822.331,1834.167,1846.004,1857.84,1869.677,1881.513,15
16072,16073,United States of America,32.0,840,USA,US,4225,Sacramento,0,-121.472634564288,38.6076024745752,,,,,,,,,,,257.713,280.315,302.916,325.518,348.119,370.721,415.824,460.927,506.031,551.134,596.237,616.562,636.887,657.211,677.536,697.861,748.565,799.27,849.974,900.679,951.383,983.067,1014.751,1046.434,1078.118,1109.802,1149.826,1189.85,1229.873,1269.897,1309.921,1338.987,1368.053,1397.12,1426.186,1455.252,1467.134,1479.016,1490.897,1502.779,1514.661,1529.89,1545.119,1560.348,1575.577,1590.806,1600.931,1611.056,1621.181,1631.306,1641.431,1648.62,1655.809,1662.997,1670.186,1677.375,1685.044,1692.713,1700.382,1708.051,1715.72,1721.78,1727.84,1733.899,1739.959,1746.019,16
15747,15748,United States of America,32.0,840,USA,US,6051,Austin,0,-97.7457212024389,30.340581885408,,,,,,,,,,,,,,,,,,,,,,,,,,175.229,208.108,240.988,273.867,306.747,339.626,366.047,392.468,418.889,445.31,471.731,555.122,638.513,721.903,805.294,888.685,985.917,1083.149,1180.382,1277.614,1374.846,1402.483,1430.12,1457.758,1485.395,1513.032,1543.466,1573.899,1604.333,1634.766,1665.2,1692.834,1720.469,1748.103,1775.738,1803.372,1838.214,1873.056,1907.898,1942.74,1977.582,2003.616,2029.65,2055.683,2081.717,2107.751,2131.089,2154.428,2177.766,2201.105,2224.443,17
16011,16012,United States of America,32.0,840,USA,US,1542,Oakland,0,-122.169346027853,37.74255229437,987.711,991.383,995.056,998.728,1002.401,1006.073,1031.091,1056.11,1081.128,1106.147,1131.165,1160.115,1189.065,1218.015,1246.965,1275.915,1284.976,1294.038,1303.099,1312.161,1321.222,1334.206,1347.19,1360.173,1373.157,1386.141,1390.933,1395.725,1400.516,1405.308,1410.1,1415.847,1421.594,1427.342,1433.089,1438.836,1444.165,1449.495,1454.824,1460.154,1465.483,1470.674,1475.864,1481.055,1486.245,1491.436,1493.813,1496.189,1498.566,1500.942,1503.319,1509.001,1514.683,1520.365,1526.047,1531.729,1533.627,1535.525,1537.423,1539.321,1541.219,1542.729,1544.239,1545.748,1547.258,1548.768,1549.784,1550.8,1551.815,1552.831,1553.847,1554.276,1554.706,1555.135,1555.565,1555.994,18
16094,16095,United States of America,32.0,840,USA,US,5386,Seattle,0,-122.297077762875,47.6707627075832,195.151,213.792,232.432,251.073,269.713,288.354,298.14,307.926,317.713,327.499,337.285,347.626,357.966,368.307,378.647,388.988,403.991,418.994,433.997,449.0,464.003,515.236,566.469,617.701,668.934,720.167,746.417,772.668,798.918,825.169,851.419,878.526,905.632,932.739,959.845,986.952,1017.615,1048.279,1078.942,1109.606,1140.269,1173.729,1207.189,1240.649,1274.109,1307.569,1326.754,1345.939,1365.125,1384.31,1403.495,1416.644,1429.793,1442.941,1456.09,1469.239,1477.359,1485.478,1493.598,1501.717,1509.837,1529.053,1548.269,1567.486,1586.702,1605.918,1613.831,1621.743,1629.656,1637.568,1645.481,1661.829,1678.176,1694.524,1710.871,1727.219,19
15979,15980,United States of America,32.0,840,USA,US,4997,Mesa,0,-111.832911879369,33.3796935129333,,,,,,,,,,,,,,,,,,,,,91.721,130.356,168.992,207.627,246.263,284.898,334.32,383.743,433.165,482.588,532.01,567.751,603.492,639.234,674.975,710.716,789.59,868.464,947.339,1026.213,1105.087,1151.469,1197.851,1244.232,1290.614,1336.996,1349.271,1361.545,1373.82,1386.094,1398.369,1411.363,1424.357,1437.35,1450.344,1463.338,1480.875,1498.412,1515.95,1533.487,1551.024,1572.188,1593.351,1614.515,1635.678,1656.842,1677.082,1697.322,1717.563,1737.803,1758.043,1771.546,1785.049,1798.553,1812.056,1825.559,20
16041,16042,United States of America,32.0,840,USA,US,5157,Portland,0,-122.687628073461,45.5156839998783,135.339,156.99,178.642,200.293,221.945,243.596,247.706,251.816,255.927,260.037,264.147,268.639,273.131,277.623,282.115,286.607,330.905,375.204,419.502,463.801,508.099,554.56,601.021,647.481,693.942,740.403,759.588,778.773,797.957,817.142,836.327,873.929,911.532,949.134,986.737,1024.339,1067.807,1111.275,1154.744,1198.212,1241.68,1266.308,1290.936,1315.564,1340.192,1364.82,1371.414,1378.007,1384.601,1391.194,1397.788,1405.336,1412.884,1420.432,1427.98,1435.528,1448.524,1461.52,1474.516,1487.512,1500.508,1511.301,1522.094,1532.887,1543.68,1554.473,1560.187,1565.901,1571.614,1577.328,1583.042,1590.248,1597.453,1604.659,1611.864,1619.07,21
15866,15867,United States of America,32.0,840,USA,US,7380,Fort Lauderdale,0,-80.2002235541036,26.2113769628658,,,,,,195.029,222.348,249.667,276.986,304.305,331.624,374.496,417.367,460.239,503.11,545.982,588.525,631.068,673.61,716.153,758.696,777.969,797.242,816.516,835.789,855.062,882.681,910.3,937.92,965.539,993.158,1004.594,1016.031,1027.467,1038.904,1050.34,1062.689,1075.037,1087.386,1099.734,1112.083,1143.868,1175.653,1207.437,1239.222,1271.007,1290.411,1309.815,1329.219,1348.623,1368.027,1394.121,1420.214,1446.308,1472.401,1498.495,1510.437,1522.378,1534.32,1546.261,1558.203,1567.125,1576.046,1584.968,1593.889,1602.811,1616.878,1630.945,1645.012,1659.079,1673.146,1683.701,1694.256,1704.812,1715.367,1725.922,22
15750,15751,United States of America,32.0,840,USA,US,8172,Baltimore,0,-76.6272138666847,39.3217614794704,796.296,803.77,811.243,818.717,826.19,833.664,837.393,841.122,844.851,848.58,852.309,855.408,858.507,861.607,864.706,867.805,879.333,890.861,902.389,913.917,925.445,933.744,942.043,950.341,958.64,966.939,967.13,967.322,967.513,967.705,967.896,968.381,968.866,969.352,969.837,970.322,991.565,1012.808,1034.05,1055.293,1076.536,1085.232,1093.928,1102.624,1111.32,1120.016,1125.057,1130.097,1135.138,1140.178,1145.219,1150.285,1155.351,1160.418,1165.484,1170.55,1175.209,1179.868,1184.527,1189.186,1193.845,1198.772,1203.699,1208.625,1213.552,1218.479,1222.154,1225.829,1229.505,1233.18,1236.855,1238.852,1240.85,1242.847,1244.845,1246.842,23
15984,15985,United States of America,32.0,840,USA,US,7302,Minneapolis [Saint Paul],0,-93.226851227522,44.9662620467717,520.497,521.136,521.774,522.413,523.051,523.69,550.912,578.135,605.357,632.58,659.802,681.065,702.327,723.59,744.852,766.115,773.116,780.118,787.119,794.121,801.122,812.876,824.63,836.384,848.138,859.892,863.319,866.745,870.172,873.598,877.025,893.259,909.493,925.726,941.96,958.194,965.056,971.917,978.779,985.64,992.502,1010.052,1027.602,1045.153,1062.703,1080.253,1085.651,1091.049,1096.447,1101.845,1107.243,1110.296,1113.35,1116.403,1119.457,1122.51,1125.981,1129.452,1132.923,1136.394,1139.865,1142.599,1145.333,1148.068,1150.802,1153.536,1155.312,1157.088,1158.863,1160.639,1162.415,1167.375,1172.336,1177.296,1182.257,1187.217,24
16074,16075,United States of America,32.0,840,USA,US,7079,Saint Petersburg,0,-82.799077613464,27.929619899059,,,,,,,,,,,144.276,149.691,155.106,160.52,165.935,171.35,220.068,268.787,317.505,366.224,414.942,438.083,461.223,484.364,507.504,530.645,531.547,532.448,533.35,534.251,535.153,534.471,533.789,533.107,532.425,531.743,544.43,557.117,569.803,582.49,595.177,621.523,647.869,674.216,700.562,726.908,756.963,787.018,817.073,847.128,877.183,891.395,905.606,919.818,934.029,948.241,966.204,984.167,1002.131,1020.094,1038.057,1053.191,1068.325,1083.458,1098.592,1113.726,1127.963,1142.199,1156.436,1170.672,1184.909,1194.307,1203.705,1213.103,1222.501,1231.899,25
15827,15828,United States of America,32.0,840,USA,US,8032,Detroit,0,-83.1542930265679,42.4156989883852,1077.979,1059.352,1040.724,1022.097,1003.469,984.842,980.967,977.092,973.217,969.342,965.467,960.536,955.605,950.673,945.742,940.811,945.158,949.506,953.853,958.201,962.548,963.056,963.564,964.071,964.579,965.087,955.921,946.755,937.589,928.423,919.257,910.775,902.293,893.811,885.329,876.847,870.671,864.495,858.318,852.142,845.966,842.063,838.161,834.258,830.356,826.453,823.141,819.829,816.518,813.206,809.894,807.649,805.404,803.158,800.913,798.668,792.102,785.536,778.969,772.403,765.837,762.13,758.424,754.717,751.011,747.304,743.768,740.232,736.697,733.161,729.625,726.134,722.643,719.153,715.662,712.171,26
15809,15810,United States of America,32.0,840,USA,US,7962,Columbus,0,-82.9691092534267,40.0169421778295,63.893,64.17,64.447,64.723,65.0,65.277,66.081,66.886,67.69,68.495,69.299,70.1,70.9,71.701,72.501,73.302,75.375,77.447,79.52,81.592,83.665,117.138,150.611,184.085,217.558,251.031,256.886,262.742,268.597,274.453,280.308,300.745,321.182,341.62,362.057,382.494,421.033,459.571,498.11,536.648,575.187,605.191,635.195,665.198,695.202,725.206,726.432,727.658,728.883,730.109,731.335,732.788,734.241,735.695,737.148,738.601,741.293,743.985,746.677,749.369,752.061,752.614,753.167,753.72,754.273,754.826,755.176,755.526,755.875,756.225,756.575,756.46,756.344,756.229,756.113,755.998,27
15983,15984,United States of America,32.0,840,USA,US,7846,Milwaukee,0,-87.9562768405602,43.0473105842016,687.369,682.909,678.449,673.99,669.53,665.07,664.585,664.1,663.615,663.13,662.645,658.234,653.824,649.413,645.003,640.592,645.251,649.911,654.57,659.23,663.889,664.455,665.022,665.588,666.155,666.721,667.498,668.275,669.053,669.83,670.607,671.88,673.154,674.427,675.701,676.974,679.07,681.166,683.263,685.359,687.455,690.303,693.15,695.998,698.845,701.693,701.74,701.787,701.834,701.881,701.928,702.191,702.454,702.717,702.98,703.243,703.474,703.705,703.935,704.166,704.397,704.352,704.308,704.263,704.219,704.174,704.298,704.421,704.545,704.668,704.792,704.482,704.172,703.863,703.553,703.243,28
15869,15870,United States of America,32.0,840,USA,US,4099,Fresno,0,-119.774404143896,36.7858328918815,,,,,,75.698,81.716,87.735,93.753,99.772,105.79,128.7,151.61,174.52,197.43,220.34,229.835,239.33,248.824,258.319,267.814,282.931,298.048,313.166,328.283,343.4,364.929,386.458,407.988,429.517,451.046,462.181,473.316,484.451,495.586,506.721,523.909,541.097,558.286,575.474,592.662,608.309,623.956,639.604,655.251,670.898,673.784,676.671,679.557,682.444,685.33,687.121,688.913,690.704,692.496,694.287,695.784,697.28,698.777,700.273,701.77,702.694,703.618,704.541,705.465,706.389,707.186,707.983,708.781,709.578,710.375,710.735,711.095,711.456,711.816,712.176,29
16111,16112,United States of America,32.0,840,USA,US,7051,St. Louis,0,-90.2810236006357,38.6569807401657,534.077,529.256,524.435,519.615,514.794,509.973,530.528,551.083,571.639,592.194,612.749,619.246,625.742,632.239,638.735,645.232,648.572,651.912,655.253,658.593,661.933,665.019,668.105,671.192,674.278,677.364,670.447,663.53,656.614,649.697,642.78,640.04,637.301,634.561,631.822,629.082,628.843,628.603,628.364,628.124,627.885,640.919,653.954,666.988,680.023,693.057,687.124,681.191,675.258,669.325,663.392,663.214,663.035,662.857,662.678,662.5,662.37,662.241,662.111,661.982,661.852,661.463,661.075,660.686,660.298,659.909,658.825,657.74,656.656,655.571,654.487,653.79,653.093,652.395,651.698,651.001,30
16149,16150,United States of America,32.0,840,USA,US,7504,West Palm Beach,0,-80.1062726859371,26.6316077410087,,,,,,,,,,,,,,,,88.099,90.435,92.77,95.106,97.441,99.777,109.674,119.572,129.469,139.367,149.264,172.305,195.346,218.387,241.428,264.469,285.254,306.04,326.825,347.611,368.396,386.332,404.269,422.205,440.142,458.078,484.65,511.221,537.793,564.364,590.936,596.156,601.376,606.595,611.815,617.035,624.015,630.995,637.975,644.955,651.935,658.89,665.844,672.799,679.753,686.708,692.851,698.994,705.136,711.279,717.422,721.613,725.805,729.996,734.188,738.379,742.691,747.004,751.316,755.629,759.941,31
15839,15840,United States of America,32.0,840,USA,US,5303,El Paso,0,-106.370676661172,31.8052321958502,,,,,,65.837,71.657,77.477,83.297,89.117,94.937,106.652,118.366,130.081,141.795,153.51,169.554,185.598,201.642,217.686,233.73,238.962,244.194,249.425,254.657,259.889,271.503,283.116,294.73,306.343,317.957,343.36,368.764,394.167,419.571,444.974,458.218,471.462,484.706,497.95,511.194,528.668,546.143,563.617,581.092,598.566,599.999,601.432,602.865,604.298,605.731,607.658,609.586,611.513,613.441,615.368,617.514,619.661,621.807,623.954,626.1,629.137,632.174,635.211,638.248,641.285,643.557,645.828,648.1,650.371,652.643,654.328,656.013,657.699,659.384,661.069,32
16006,16007,United States of America,32.0,840,USA,US,8102,Norfolk,0,-76.3055561358921,36.9103807110929,114.12,117.634,121.148,124.661,128.175,131.689,150.516,169.344,188.171,206.999,225.826,245.619,265.412,285.206,304.999,324.792,327.388,329.985,332.581,335.178,337.774,352.728,367.682,382.635,397.589,412.543,410.073,407.603,405.132,402.662,400.192,405.074,409.956,414.837,419.719,424.601,441.449,458.297,475.144,491.992,508.84,511.192,513.544,515.897,518.249,520.601,529.975,539.35,548.724,558.099,567.473,570.599,573.724,576.85,579.975,583.101,586.006,588.911,591.815,594.72,597.625,599.513,601.401,603.29,605.178,607.066,609.462,611.859,614.255,616.652,619.048,631.391,643.734,656.078,668.421,680.764,33
16121,16122,United States of America,32.0,840,USA,US,7159,Tampa,0,-82.4638459840885,28.0122662014032,,,,,,,,,,,,,,,,,,,,,,,,,,57.577,62.115,66.653,71.192,75.73,80.268,144.08,207.893,271.705,335.518,399.33,407.815,416.301,424.786,433.272,441.757,451.868,461.979,472.09,482.201,492.312,504.247,516.182,528.118,540.053,551.988,567.461,582.935,598.408,613.882,629.355,635.661,641.967,648.273,654.579,660.885,667.648,674.412,681.175,687.939,694.702,702.372,710.043,717.713,725.384,733.054,737.864,742.674,747.484,752.294,757.104,34
16076,16077,United States of America,32.0,840,USA,US,5671,Salt Lake City,0,-111.863559667633,40.6822941399219,,,,,,61.702,75.706,89.711,103.715,117.72,131.724,152.919,174.114,195.308,216.503,237.698,250.554,263.41,276.267,289.123,301.979,305.697,309.415,313.133,316.851,320.569,327.895,335.222,342.548,349.875,357.201,363.58,369.96,376.339,382.719,389.098,397.954,406.811,415.667,424.524,433.38,450.723,468.065,485.408,502.75,520.093,524.564,529.035,533.507,537.978,542.449,548.863,555.277,561.691,568.105,574.519,578.785,583.051,587.317,591.583,595.849,602.505,609.161,615.817,622.473,629.129,634.664,640.199,645.735,651.27,656.805,660.198,663.591,666.984,670.377,673.77,35
15902,15903,United States of America,32.0,840,USA,US,1,Honolulu,0,-157.884426330471,21.3352677065613,304.247,313.494,322.741,331.987,341.234,350.481,352.557,354.633,356.71,358.786,360.862,365.531,370.201,374.87,379.54,384.209,387.77,391.332,394.893,398.455,402.016,404.68,407.345,410.009,412.674,415.338,421.006,426.673,432.341,438.008,443.676,448.84,454.005,459.169,464.334,469.498,476.98,484.462,491.943,499.425,506.907,511.883,516.859,521.836,526.812,531.788,533.567,535.346,537.125,538.904,540.683,546.255,551.827,557.398,562.97,568.542,578.388,588.235,598.081,607.928,617.774,619.743,621.712,623.68,625.649,627.618,628.806,629.994,631.182,632.37,633.558,634.356,635.155,635.953,636.752,637.55,36
15749,15750,United States of America,32.0,840,USA,US,3098,Bakersfield,0,-119.028740321972,35.35114457289,,,,,,,,,,,,,,,,,,,,,134.521,142.904,151.287,159.669,168.052,176.435,192.219,208.003,223.787,239.571,255.355,266.074,276.793,287.513,298.232,308.951,327.524,346.097,364.67,383.243,401.816,416.29,430.764,445.239,459.713,474.187,480.085,485.983,491.88,497.778,503.676,506.923,510.17,513.418,516.665,519.912,520.305,520.699,521.092,521.486,521.879,522.61,523.341,524.073,524.804,525.535,525.68,525.825,525.971,526.116,526.261,525.539,524.817,524.095,523.373,522.651,37
16045,16046,United States of America,32.0,840,USA,US,5621,Provo,0,-111.705981399102,40.2999548888988,,,,,,,,,,,,,,,,,,,,,,,,,,89.714,98.574,107.434,116.293,125.153,134.013,141.247,148.481,155.715,162.949,170.183,198.66,227.136,255.613,284.089,312.566,343.925,375.284,406.644,438.003,469.362,473.175,476.989,480.802,484.616,488.429,493.229,498.029,502.83,507.63,512.43,524.118,535.806,547.495,559.183,570.871,575.543,580.215,584.887,589.559,594.231,597.567,600.903,604.24,607.576,610.912,618.259,625.606,632.952,640.299,647.646,38
16018,16019,United States of America,32.0,840,USA,US,7432,Orlando,0,-81.343761712021,28.5950969394566,,,,,,,,,,,,,,,,,,,,,,,,,,58.78,74.907,91.033,107.16,123.286,139.413,150.193,160.974,171.754,182.535,193.315,220.39,247.464,274.539,301.613,328.688,350.006,371.324,392.643,413.961,435.279,443.673,452.067,460.461,468.855,477.249,500.678,524.108,547.537,570.967,594.396,615.495,636.594,657.692,678.791,699.89,716.132,732.374,748.617,764.859,781.101,787.404,793.708,800.011,806.315,812.618,824.28,835.943,847.605,859.268,870.93,39
16150,16151,United States of America,32.0,840,USA,US,5646,West Valley City,0,-111.984976455277,40.6568743925412,,,,,,108.869,112.848,116.828,120.807,124.787,128.766,134.476,140.186,145.896,151.606,157.316,164.146,170.976,177.806,184.636,191.466,204.606,217.747,230.887,244.028,257.168,262.119,267.069,272.02,276.97,281.921,288.167,294.413,300.66,306.906,313.152,319.093,325.033,330.974,336.914,342.855,361.77,380.686,399.601,418.517,437.432,442.611,447.789,452.968,458.146,463.325,468.988,474.651,480.315,485.978,491.641,495.384,499.126,502.869,506.611,510.354,513.864,517.375,520.885,524.396,527.906,543.0,558.094,573.187,588.281,603.375,606.109,608.843,611.578,614.312,617.046,40
15743,15744,United States of America,32.0,840,USA,US,7328,Atlanta,0,-84.3638559949554,33.7897001713732,,,,,,,,,,,,,,,,,,,,,56.211,97.274,138.338,179.401,220.465,261.528,267.448,273.367,279.287,285.206,291.126,297.342,303.558,309.773,315.989,322.205,331.437,340.669,349.901,359.133,368.365,380.245,392.125,404.004,415.884,427.764,433.856,439.948,446.041,452.133,458.225,467.96,477.695,487.429,497.164,506.899,514.363,521.827,529.29,536.754,544.218,554.401,564.583,574.766,584.948,595.131,603.823,612.515,621.207,629.899,638.591,648.672,658.753,668.834,678.915,688.996,41
16113,16114,United States of America,32.0,840,USA,US,8039,Sterling Heights,0,-82.9527692089652,42.4613540475879,476.912,468.156,459.4,450.645,441.889,433.133,431.715,430.297,428.88,427.462,426.044,424.546,423.048,421.55,420.052,418.554,420.122,421.691,423.259,424.828,426.396,432.069,437.742,443.414,449.087,454.76,453.419,452.078,450.737,449.396,448.055,452.169,456.283,460.397,464.511,468.625,466.255,463.884,461.514,459.143,456.773,455.537,454.301,453.066,451.83,450.594,447.671,444.748,441.826,438.903,435.98,434.781,433.583,432.384,431.186,429.987,428.689,427.39,426.092,424.793,423.495,419.537,415.58,411.622,407.665,403.707,402.711,401.714,400.718,399.721,398.725,395.88,393.034,390.189,387.343,384.498,42
16044,16045,United States of America,32.0,840,USA,US,8475,Providence,0,-71.4176425679705,41.8331881165125,327.756,331.067,334.379,337.69,341.002,344.313,345.792,347.272,348.751,350.231,351.71,354.338,356.966,359.594,362.222,364.85,370.759,376.668,382.577,388.486,394.395,398.227,402.06,405.892,409.725,413.557,414.147,414.737,415.326,415.916,416.506,417.713,418.92,420.126,421.333,422.54,423.241,423.942,424.642,425.343,426.044,426.803,427.562,428.321,429.08,429.839,429.81,429.781,429.752,429.723,429.694,429.797,429.9,430.003,430.106,430.209,430.201,430.193,430.185,430.177,430.169,429.993,429.816,429.64,429.463,429.287,429.091,428.895,428.699,428.503,428.307,427.848,427.388,426.929,426.469,426.01,43
16131,16132,United States of America,32.0,840,USA,US,5063,Tucson,0,-110.910548743212,32.240170980088,,,,,,,,,,,,,,,,,,,,,100.585,105.055,109.525,113.994,118.464,122.934,138.044,153.153,168.263,183.372,198.482,216.242,234.002,251.762,269.522,287.282,298.37,309.458,320.545,331.633,342.721,349.72,356.719,363.719,370.718,377.717,386.595,395.473,404.351,413.229,422.107,427.308,432.508,437.709,442.909,448.11,453.119,458.128,463.136,468.145,473.154,494.247,515.34,536.432,557.525,578.618,585.234,591.85,598.465,605.081,611.697,619.319,626.94,634.562,642.183,649.805,44
15846,15847,United States of America,32.0,840,USA,US,3039,Escondido,0,-117.302563051086,33.2288976196007,,,,,,59.788,62.168,64.549,66.929,69.31,71.69,100.696,129.702,158.709,187.715,216.721,224.049,231.377,238.705,246.033,253.361,261.967,270.573,279.179,287.785,296.391,299.619,302.847,306.075,309.303,312.531,318.971,325.411,331.85,338.29,344.73,350.611,356.491,362.372,368.252,374.133,379.148,384.164,389.179,394.195,399.21,402.401,405.593,408.784,411.976,415.167,427.356,439.545,451.734,463.923,476.112,480.699,485.285,489.872,494.458,499.045,501.729,504.414,507.098,509.783,512.467,516.057,519.646,523.236,526.825,530.415,532.858,535.301,537.743,540.186,542.629,45
15728,15729,United States of America,32.0,840,USA,US,5743,Albuquerque,0,-106.556033214271,35.1094212011113,,,,,,,,,,,,,,,,61.792,65.739,69.686,73.634,77.581,81.528,87.688,93.849,100.009,106.17,112.33,138.573,164.816,191.058,217.301,243.544,253.098,262.652,272.207,281.761,291.315,304.527,317.738,330.95,344.161,357.373,367.325,377.277,387.229,397.181,407.133,407.868,408.604,409.339,410.075,410.81,411.973,413.136,414.3,415.463,416.626,418.15,419.674,421.197,422.721,424.245,425.903,427.561,429.218,430.876,432.534,435.655,438.776,441.898,445.019,448.14,449.269,450.398,451.527,452.656,453.785,46
16008,16009,United States of America,32.0,840,USA,US,6363,North Richland Hills,0,-97.2264825382118,32.8713049231594,,,,,,,,,,,,,,,,,,,,,,,,,,59.067,68.112,77.158,86.203,95.249,104.294,127.796,151.298,174.8,198.302,221.804,239.823,257.841,275.86,293.878,311.897,328.003,344.11,360.216,376.323,392.429,394.879,397.329,399.78,402.23,404.68,410.835,416.99,423.146,429.301,435.456,440.106,444.756,449.405,454.055,458.705,464.236,469.767,475.299,480.83,486.361,492.205,498.049,503.894,509.738,515.582,516.936,518.29,519.643,520.997,522.351,47
16114,16115,United States of America,32.0,840,USA,US,3536,Stockton,0,-121.304615178439,37.9903232856398,,,,,,,,,,,75.716,78.445,81.174,83.904,86.633,89.362,113.342,137.322,161.301,185.281,209.261,215.192,221.123,227.055,232.986,238.917,243.38,247.843,252.306,256.769,261.232,267.147,273.062,278.977,284.892,290.807,301.55,312.293,323.036,333.779,344.522,352.583,360.644,368.704,376.765,384.826,387.555,390.284,393.012,395.741,398.47,400.147,401.824,403.502,405.179,406.856,407.798,408.74,409.682,410.624,411.566,412.347,413.128,413.909,414.69,415.471,416.108,416.745,417.382,418.019,418.656,419.536,420.417,421.297,422.178,423.058,48
15807,15808,United States of America,32.0,840,USA,US,6013,Colorado Springs,0,-104.768501737546,38.8750652307538,,,,,,,,,,,,,,,,,,,,,,,,,,71.534,91.331,111.128,130.926,150.723,170.52,188.573,206.626,224.679,242.732,260.785,272.726,284.666,296.607,308.547,320.488,331.443,342.398,353.354,364.309,375.264,379.189,383.114,387.038,390.963,394.888,408.56,422.233,435.905,449.578,463.25,467.971,472.692,477.412,482.133,486.854,490.954,495.053,499.153,503.252,507.352,513.144,518.936,524.728,530.52,536.312,539.893,543.473,547.054,550.634,554.215,49
16033,16034,United States of America,32.0,840,USA,US,8067,Pittsburgh,0,-79.9714680633422,40.4232528552506,615.679,611.075,606.472,601.868,597.265,592.661,581.087,569.513,557.939,546.365,534.791,527.202,519.614,512.025,504.437,496.848,496.671,496.493,496.316,496.138,495.961,495.352,494.743,494.135,493.526,492.917,489.68,486.444,483.207,479.971,476.734,473.653,470.572,467.49,464.409,461.328,460.022,458.716,457.41,456.104,454.798,441.941,429.085,416.228,403.372,390.515,389.512,388.508,387.505,386.501,385.498,384.613,383.728,382.844,381.959,381.074,380.087,379.1,378.113,377.126,376.139,375.305,374.471,373.638,372.804,371.97,370.806,369.642,368.477,367.313,366.149,361.038,355.927,350.815,345.704,340.593,50
16035,16036,United States of America,32.0,840,USA,US,6650,Plano,0,-96.7468858336581,33.0653609807209,,,,,,,,,,,,,,,,,,,,,,,,,,,,,,,85.325,109.047,132.769,156.491,180.213,203.935,222.805,241.675,260.546,279.416,298.286,308.62,318.954,329.289,339.623,349.957,353.509,357.061,360.612,364.164,367.716,369.874,372.032,374.19,376.348,378.506,380.836,383.167,385.497,387.828,390.158,392.221,394.284,396.346,398.409,400.472,401.688,402.903,404.119,405.334,406.55,407.819,409.088,410.356,411.625,412.894,51
16058,16059,United States of America,32.0,840,USA,US,3430,Riverside,0,-117.438703358599,33.9354621881091,,,,,,,,,,,,,,,,,,,,,,,,,,54.286,67.2,80.114,93.029,105.943,118.857,136.49,154.122,171.755,189.387,207.02,224.327,241.633,258.94,276.246,293.553,304.818,316.084,327.349,338.615,349.88,353.371,356.862,360.354,363.845,367.336,370.417,373.498,376.578,379.659,382.74,389.417,396.093,402.77,409.446,416.123,418.795,421.466,424.138,426.809,429.481,443.683,457.885,472.087,486.289,500.491,503.061,505.632,508.202,510.773,513.343,52
15985,15986,United States of America,32.0,840,USA,US,2592,Mission Viejo,0,-117.681856684646,33.5927395604766,,,,,,,,,,,125.809,130.631,135.454,140.276,145.099,149.921,155.228,160.536,165.843,171.151,176.458,194.069,211.68,229.291,246.902,264.513,266.726,268.939,271.153,273.366,275.579,277.445,279.311,281.177,283.043,284.909,289.666,294.423,299.181,303.938,308.695,314.537,320.378,326.22,332.061,337.903,343.367,348.83,354.294,359.757,365.221,392.873,420.526,448.178,475.831,503.483,507.393,511.303,515.214,519.124,523.034,525.803,528.572,531.34,534.109,536.878,542.269,547.659,553.05,558.44,563.831,566.325,568.818,571.312,573.805,576.299,53
15977,15978,United States of America,32.0,840,USA,US,6980,Memphis,0,-89.9310001123908,35.0953863249858,,,,,,,,,,,,,,,,,,,,,92.515,94.902,97.289,99.676,102.063,104.45,106.763,109.076,111.39,113.703,116.016,136.446,156.875,177.305,197.734,218.164,234.943,251.721,268.5,285.278,302.057,312.854,323.651,334.448,345.245,356.042,356.077,356.111,356.146,356.18,356.215,356.359,356.503,356.648,356.792,356.936,357.415,357.893,358.372,358.85,359.329,359.393,359.457,359.52,359.584,359.648,359.799,359.95,360.102,360.253,360.404,360.333,360.263,360.192,360.122,360.051,54
15974,15975,United States of America,32.0,840,USA,US,5854,McAllen,0,-98.253744472709,26.230411121109,,,,,,,,,,,,,,,,,,,,,,,,,,,,,,,56.886,61.243,65.6,69.956,74.313,78.67,94.899,111.128,127.357,143.586,159.815,193.388,226.961,260.533,294.106,327.679,333.209,338.74,344.27,349.801,355.331,360.768,366.205,371.642,377.079,382.516,392.02,401.524,411.027,420.531,430.035,441.074,452.113,463.153,474.192,485.231,495.23,505.228,515.227,525.225,535.224,543.415,551.605,559.796,567.986,576.177,55
16010,16011,United States of America,32.0,840,USA,US,7354,Oak Ridge,0,-81.4555145160415,28.53816692181,,,,,,,,,,,,,,,,,,,,,,,,,,,,,,,123.282,137.844,152.405,166.967,181.528,196.09,207.441,218.793,230.144,241.496,252.847,268.179,283.51,298.842,314.173,329.505,334.246,338.988,343.729,348.471,353.212,358.932,364.651,370.371,376.09,381.81,388.988,396.165,403.343,410.52,417.698,428.644,439.59,450.535,461.481,472.427,476.285,480.143,484.0,487.858,491.716,496.41,501.104,505.797,510.491,515.185,56
15919,15920,United States of America,32.0,840,USA,US,6935,Kansas City,0,-94.5987041906497,39.0293909998312,58.05,57.878,57.707,57.535,57.364,57.192,58.211,59.23,60.248,61.267,62.286,65.726,69.166,72.605,76.045,79.485,80.218,80.95,81.683,82.415,83.148,83.376,83.604,83.833,84.061,84.289,87.309,90.329,93.349,96.369,99.389,101.823,104.257,106.69,109.124,111.558,140.237,168.916,197.595,226.274,254.953,270.282,285.612,300.941,316.271,331.6,334.105,336.61,339.115,341.62,344.125,346.395,348.664,350.934,353.203,355.473,357.934,360.395,362.855,365.316,367.777,368.636,369.496,370.355,371.215,372.074,374.058,376.042,378.027,380.011,381.995,382.469,382.943,383.418,383.892,384.366,57
15777,15778,United States of America,32.0,840,USA,US,8207,Buffalo,0,-78.8386793626435,42.9353688447663,427.58,422.349,417.119,411.888,406.658,401.427,398.734,396.04,393.347,390.653,387.96,385.099,382.238,379.378,376.517,373.656,373.329,373.002,372.675,372.348,372.021,371.751,371.481,371.211,370.941,370.671,367.784,364.896,362.009,359.121,356.234,353.269,350.304,347.338,344.373,341.408,339.863,338.319,336.774,335.23,333.685,332.238,330.791,329.345,327.898,326.451,325.739,325.027,324.316,323.604,322.892,322.28,321.667,321.055,320.442,319.83,319.427,319.023,318.62,318.216,317.813,316.989,316.165,315.34,314.516,313.692,313.272,312.852,312.433,312.013,311.593,310.981,310.37,309.758,309.147,308.535,58
16027,16028,United States of America,32.0,840,USA,US,8046,Parma,0,-81.7608783330269,41.4474071529891,546.317,529.547,512.777,496.006,479.236,462.466,456.175,449.883,443.592,437.3,431.009,426.666,422.323,417.979,413.636,409.293,408.834,408.375,407.917,407.458,406.999,404.803,402.608,400.412,398.217,396.021,391.797,387.572,383.348,379.123,374.899,371.839,368.779,365.72,362.66,359.6,354.839,350.078,345.316,340.555,335.794,334.462,333.129,331.797,330.464,329.132,327.79,326.447,325.105,323.762,322.42,315.112,307.803,300.495,293.186,285.878,276.309,266.74,257.17,247.601,238.032,237.132,236.232,235.333,234.433,233.533,232.742,231.951,231.16,230.369,229.578,228.347,227.115,225.884,224.652,223.421,59
15736,15737,United States of America,32.0,840,USA,US,6413,Arlington,0,-97.0868834001579,32.7202054961202,,,,,,,,,,,,,,,,,,,,,58.656,62.295,65.934,69.574,73.213,76.852,81.456,86.06,90.665,95.269,99.873,115.849,131.824,147.8,163.775,179.751,195.731,211.711,227.692,243.672,259.652,268.418,277.184,285.949,294.715,303.481,305.011,306.541,308.07,309.6,311.13,313.059,314.987,316.916,318.844,320.773,325.04,329.306,333.573,337.839,342.106,343.527,344.948,346.37,347.791,349.212,352.887,356.563,360.238,363.914,367.589,368.785,369.981,371.177,372.373,373.569,60
15986,15987,United States of America,32.0,840,USA,US,3589,Modesto,0,-120.984159290765,37.6561650936648,,,,,,,,,,,,,,,,65.965,73.296,80.628,87.959,95.291,102.622,107.578,112.534,117.49,122.446,127.402,130.614,133.826,137.037,140.249,143.461,165.598,187.735,209.871,232.008,254.145,258.774,263.403,268.033,272.662,277.291,283.264,289.237,295.21,301.183,307.156,307.888,308.621,309.353,310.086,310.818,311.956,313.093,314.231,315.368,316.506,317.441,318.376,319.312,320.247,321.182,321.631,322.08,322.528,322.977,323.426,323.81,324.194,324.578,324.962,325.346,325.53,325.714,325.897,326.081,326.265,61
15886,15887,United States of America,32.0,840,USA,US,7729,Hammond,0,-87.5925519773501,41.6094650212824,217.493,217.482,217.471,217.461,217.45,217.439,217.66,217.882,218.103,218.325,218.546,218.642,218.737,218.833,218.928,219.024,222.456,225.888,229.321,232.753,236.185,248.523,260.861,273.199,285.537,297.875,297.256,296.638,296.019,295.401,294.782,293.228,291.674,290.121,288.567,287.013,287.47,287.927,288.383,288.84,289.297,292.261,295.224,298.188,301.151,304.115,303.522,302.928,302.335,301.741,301.148,300.957,300.766,300.574,300.383,300.192,298.707,297.222,295.736,294.251,292.766,292.47,292.174,291.877,291.581,291.285,291.001,290.718,290.434,290.151,289.867,288.161,286.455,284.75,283.044,281.338,62
15737,15738,United States of America,32.0,840,USA,US,7774,Arlington Heights,0,-87.9609372313881,42.0927344694637,262.02,261.885,261.75,261.614,261.479,261.344,261.507,261.67,261.832,261.995,262.158,263.536,264.915,266.293,267.672,269.05,273.303,277.556,281.81,286.063,290.316,302.135,313.954,325.773,337.592,349.411,338.726,328.04,317.355,306.669,295.984,295.446,294.908,294.37,293.832,293.294,293.474,293.654,293.833,294.013,294.193,295.237,296.281,297.326,298.37,299.414,299.147,298.881,298.614,298.348,298.081,297.906,297.731,297.556,297.381,297.206,297.095,296.985,296.874,296.764,296.653,296.426,296.199,295.973,295.746,295.519,295.324,295.129,294.934,294.739,294.544,294.168,293.792,293.415,293.039,292.663,63
15959,15960,United States of America,32.0,840,USA,US,7594,Louisville,0,-85.7404530920127,38.2254293192003,120.627,120.44,120.254,120.067,119.881,119.694,119.178,118.662,118.146,117.63,117.114,116.267,115.419,114.572,113.724,112.877,114.054,115.231,116.408,117.585,118.762,119.869,120.975,122.082,123.188,124.295,125.751,127.208,128.664,130.121,131.577,135.08,138.584,142.087,145.591,149.094,174.531,199.968,225.405,250.842,276.279,279.169,282.06,284.95,287.841,290.731,290.805,290.88,290.954,291.029,291.103,292.187,293.272,294.356,295.441,296.525,297.078,297.63,298.183,298.735,299.288,300.659,302.03,303.4,304.771,306.142,306.439,306.735,307.032,307.328,307.625,307.732,307.84,307.947,308.055,308.162,64
15848,15849,United States of America,32.0,840,USA,US,8060,Euclid,0,-81.5667328699038,41.5151790272792,557.124,545.44,533.757,522.073,510.39,498.706,491.027,483.347,475.668,467.988,460.309,456.031,451.752,447.474,443.195,438.917,438.185,437.453,436.721,435.989,435.257,432.717,430.177,427.638,425.098,422.558,417.45,412.342,407.233,402.125,397.017,393.467,389.918,386.368,382.819,379.269,369.76,360.252,350.743,341.235,331.726,325.439,319.152,312.866,306.579,300.292,298.367,296.443,294.518,292.594,290.669,288.971,287.274,285.576,283.879,282.181,281.233,280.285,279.336,278.388,277.44,276.084,274.728,273.372,272.016,270.66,259.902,249.144,238.386,227.628,216.87,215.683,214.496,213.31,212.123,210.936,65
16119,16120,United States of America,32.0,840,USA,US,5275,Tacoma,0,-122.470945564681,47.2152030388429,,,,,,,,,,,,,,,,,,,,,66.113,85.884,105.655,125.426,145.197,164.968,168.131,171.294,174.457,177.62,180.783,190.408,200.033,209.658,219.283,228.908,235.021,241.134,247.246,253.359,259.472,263.912,268.352,272.793,277.233,281.673,283.164,284.655,286.146,287.637,289.128,291.019,292.91,294.801,296.692,298.583,305.805,313.027,320.249,327.471,334.693,345.722,356.75,367.779,378.807,389.836,392.268,394.701,397.133,399.566,401.998,403.641,405.284,406.928,408.571,410.214,66
15980,15981,United States of America,32.0,840,USA,US,6815,Metairie,0,-90.1967606582787,29.9993098816912,253.69,256.636,259.581,262.527,265.472,268.418,267.628,266.838,266.049,265.259,264.469,263.783,263.097,262.411,261.725,261.039,260.845,260.65,260.456,260.261,260.067,261.032,261.997,262.962,263.927,264.892,265.878,266.863,267.849,268.834,269.82,264.27,258.72,253.171,247.621,242.071,247.133,252.196,257.258,262.321,267.383,271.167,274.951,278.736,282.52,286.304,286.222,286.141,286.059,285.978,285.896,285.965,286.034,286.104,286.173,286.242,286.441,286.64,286.838,287.037,287.236,287.323,287.409,287.496,287.582,287.669,287.791,287.913,288.034,288.156,288.278,288.222,288.167,288.111,288.056,288.0,67
16042,16043,United States of America,32.0,840,USA,US,2793,Poway,0,-117.118529543091,32.9399081951546,,,,,,,,,,,,,,,,56.137,56.791,57.445,58.098,58.752,59.406,61.084,62.763,64.441,66.12,67.798,68.783,69.768,70.752,71.737,72.722,84.914,97.106,109.299,121.491,133.683,136.191,138.699,141.208,143.716,146.224,165.454,184.685,203.915,223.146,242.376,250.602,258.829,267.055,275.282,283.508,286.266,289.025,291.783,294.542,297.3,300.807,304.314,307.82,311.327,314.834,316.724,318.614,320.503,322.393,324.283,325.565,326.847,328.13,329.412,330.694,331.773,332.852,333.93,335.009,336.088,68
15811,15812,United States of America,32.0,840,USA,US,6255,Copperfield,0,-95.6661276869223,29.8771469460274,,,,,,,,,,,,,,,,,,,,,111.088,116.987,122.886,128.785,134.684,140.583,145.646,150.709,155.771,160.834,165.897,171.155,176.412,181.67,186.927,192.185,197.059,201.934,206.808,211.683,216.557,226.176,235.795,245.414,255.033,264.652,267.683,270.713,273.744,276.774,279.805,283.976,288.147,292.318,296.489,300.66,304.706,308.751,312.797,316.842,320.888,325.131,329.373,333.616,337.858,342.101,345.917,349.733,353.55,357.366,361.182,364.31,367.438,370.567,373.695,376.823,69
15871,15872,United States of America,32.0,840,USA,US,8151,Gaithersburg,0,-77.2317259109363,39.1583082737766,,,,,,,,,,,,,,,,55.678,75.885,96.093,116.3,136.508,156.715,163.8,170.886,177.971,185.057,192.142,196.633,201.125,205.616,210.108,214.599,218.362,222.125,225.888,229.651,233.414,235.69,237.965,240.241,242.516,244.792,249.203,253.614,258.025,262.436,266.847,268.365,269.884,271.402,272.921,274.439,276.042,277.645,279.248,280.851,282.454,284.391,286.327,288.264,290.2,292.137,294.132,296.128,298.123,300.119,302.114,303.128,304.143,305.157,306.172,307.186,309.469,311.751,314.034,316.316,318.599,70
15810,15811,United States of America,32.0,840,USA,US,2061,Concord,0,-122.040456436664,37.9551794394773,,,,,,,,,,,89.499,96.681,103.862,111.044,118.225,125.407,130.912,136.416,141.921,147.425,152.93,158.499,164.067,169.636,175.204,180.773,185.144,189.514,193.885,198.255,202.626,204.911,207.196,209.481,211.766,214.051,221.052,228.052,235.053,242.053,249.054,252.914,256.775,260.635,264.496,268.356,269.295,270.234,271.173,272.112,273.051,274.084,275.117,276.15,277.183,278.216,278.222,278.228,278.235,278.241,278.247,278.144,278.042,277.939,277.837,277.734,277.556,277.379,277.201,277.024,276.846,276.498,276.15,275.802,275.454,275.106,71
15754,15755,United States of America,32.0,840,USA,US,5413,Bellevue,0,-122.191347271119,47.6750409150044,,,,,,,,,,,,,,,,,,,,,,,,,,,,,,,56.67,74.794,92.918,111.041,129.165,147.289,153.457,159.624,165.792,171.959,178.127,192.155,206.184,220.212,234.241,248.269,252.154,256.04,259.925,263.811,267.696,273.399,279.102,284.806,290.509,296.212,298.201,300.19,302.18,304.169,306.158,314.616,323.074,331.531,339.989,348.447,350.22,351.994,353.767,355.541,357.314,365.411,373.508,381.606,389.703,397.8,72
16124,16125,United States of America,32.0,840,USA,US,6381,The Woodlands,0,-95.503314271182,30.1730509970131,,,,,,,,,,,,,,,,,,,,,,,,,,,,,,,,,,,,,,,,,,,,,,242.685,246.294,249.904,253.513,257.123,260.732,265.939,271.145,276.352,281.558,286.765,292.193,297.621,303.048,308.476,313.904,319.534,325.164,330.794,336.424,342.054,346.674,351.293,355.913,360.532,365.152,369.539,373.926,378.313,382.7,387.087,73
15893,15894,United States of America,32.0,840,USA,US,5217,Hazel Dell,0,-122.565935677069,45.6502389884173,,,,,,,,,,,,,,,,,,,,,,,,,,,,,,,105.327,110.134,114.941,119.749,124.556,129.363,139.691,150.019,160.347,170.675,181.003,195.678,210.354,225.029,239.705,254.38,255.447,256.514,257.582,258.649,259.716,261.73,263.745,265.759,267.774,269.788,271.426,273.063,274.701,276.338,277.976,291.613,305.25,318.888,332.525,346.162,350.476,354.791,359.105,363.42,367.734,368.804,369.875,370.945,372.016,373.086,74
16004,16005,United States of America,32.0,840,USA,US,6845,New Orleans,0,-90.0702521822237,29.9526626866214,429.919,442.985,456.05,469.116,482.181,495.247,492.959,490.67,488.382,486.093,483.805,480.843,477.881,474.919,471.957,468.995,464.62,460.245,455.871,451.496,447.121,441.353,435.585,429.816,424.048,418.28,399.606,380.933,362.259,343.586,324.912,308.488,292.064,275.639,259.215,242.791,243.23,243.669,244.109,244.548,244.987,247.703,250.419,253.136,255.852,258.568,258.537,258.506,258.475,258.444,258.413,258.461,258.51,258.558,258.607,258.655,258.808,258.962,259.115,259.269,259.422,259.474,259.526,259.578,259.63,259.682,259.764,259.846,259.927,260.009,260.091,260.013,259.935,259.857,259.779,259.701,75
15995,15996,United States of America,32.0,840,USA,US,3692,Murrieta,0,-117.150939066889,33.5374448799303,,,,,,,,,,,,,,,,,,,,,,,,,,,,,,,59.892,79.611,99.33,119.049,138.768,158.487,167.769,177.051,186.334,195.616,204.898,212.787,220.676,228.566,236.455,244.344,246.958,249.572,252.185,254.799,257.413,259.083,260.753,262.422,264.092,265.762,267.408,269.055,270.701,272.348,273.994,275.238,276.482,277.726,278.97,280.214,281.791,283.368,284.946,286.523,288.1,290.605,293.11,295.614,298.119,300.624,76
15939,15940,United States of America,32.0,840,USA,US,5832,Laredo,0,-99.4798254746822,27.5181631532719,,,,,,,,,,,,,,,,,,,,,,,,,,64.403,72.133,79.863,87.592,95.322,103.052,113.068,123.084,133.1,143.116,153.132,163.337,173.541,183.746,193.95,204.155,210.114,216.073,222.032,227.991,233.95,237.132,240.314,243.497,246.679,249.861,254.419,258.978,263.536,268.095,272.653,276.935,281.218,285.5,289.783,294.065,297.402,300.739,304.076,307.413,310.75,314.481,318.211,321.942,325.672,329.403,332.391,335.378,338.366,341.353,344.341,77
15816,15817,United States of America,32.0,840,USA,US,7276,Cutler Bay,0,-80.3775128399814,25.5988497295944,,,,,,,,,,,,,,,,72.41,77.608,82.805,88.003,93.2,98.398,111.034,123.671,136.307,148.944,161.58,163.933,166.286,168.64,170.993,173.346,175.643,177.939,180.236,182.532,184.829,189.843,194.856,199.87,204.883,209.897,215.633,221.369,227.106,232.842,238.578,240.827,243.076,245.324,247.573,249.822,254.835,259.848,264.861,269.874,274.887,276.356,277.824,279.293,280.761,282.23,284.123,286.016,287.909,289.802,291.695,292.837,293.979,295.122,296.264,297.406,298.664,299.922,301.179,302.437,303.695,78
15835,15836,United States of America,32.0,840,USA,US,6273,Edgecliff Village,0,-97.364453469188,32.66980809452,,,,,,,,,,,,,,,,,,,,,,,,,,,,,,,76.867,97.076,117.285,137.493,157.702,177.911,183.108,188.304,193.501,198.697,203.894,211.328,218.763,226.197,233.632,241.066,242.705,244.344,245.982,247.621,249.26,258.949,268.637,278.326,288.014,297.703,302.674,307.644,312.615,317.585,322.556,325.142,327.728,330.313,332.899,335.485,336.958,338.431,339.904,341.377,342.85,343.821,344.792,345.764,346.735,347.706,79
16016,16017,United States of America,32.0,840,USA,US,6965,Omaha,0,-95.9820450390797,41.2626757446767,73.469,73.639,73.808,73.978,74.147,74.317,74.696,75.075,75.455,75.834,76.213,77.555,78.897,80.239,81.581,82.923,84.367,85.811,87.256,88.7,90.144,91.937,93.73,95.524,97.317,99.11,108.192,117.274,126.357,135.439,144.521,147.374,150.227,153.079,155.932,158.785,165.463,172.141,178.818,185.496,192.174,203.021,213.868,224.714,235.561,246.408,246.738,247.068,247.399,247.729,248.059,251.215,254.372,257.528,260.685,263.841,265.444,267.047,268.65,270.253,271.856,274.85,277.844,280.839,283.833,286.827,288.501,290.175,291.849,293.523,295.197,295.446,295.695,295.945,296.194,296.443,80
16061,16062,United States of America,32.0,840,USA,US,8277,Rochester,0,-77.6062728999633,43.1648406164015,218.135,217.614,217.092,216.571,216.049,215.528,215.501,215.474,215.448,215.421,215.394,215.282,215.171,215.059,214.948,214.836,216.396,217.956,219.517,221.077,222.637,224.403,226.169,227.936,229.702,231.468,231.839,232.21,232.581,232.952,233.323,233.877,234.43,234.984,235.537,236.091,237.02,237.95,238.879,239.809,240.738,241.997,243.256,244.516,245.775,247.034,246.544,246.054,245.563,245.073,244.583,243.602,242.621,241.639,240.658,239.677,239.365,239.052,238.74,238.427,238.115,237.422,236.729,236.037,235.344,234.651,234.318,233.985,233.652,233.319,232.986,232.51,232.033,231.557,231.08,230.604,81
15800,15801,United States of America,32.0,840,USA,US,6201,Cinco Ranch,0,-95.7439465905141,29.7683996699884,,,,,,,,,,,,,,,,,,,,,,,,,,,,,,,,,,,,54.891,78.055,101.22,124.384,147.549,170.713,182.744,194.775,206.806,218.837,230.868,233.602,236.336,239.07,241.804,244.538,248.316,252.094,255.871,259.649,263.427,266.15,268.873,271.595,274.318,277.041,283.76,290.479,297.198,303.917,310.636,313.529,316.422,319.316,322.209,325.102,328.59,332.078,335.566,339.054,342.542,82
15813,15814,United States of America,32.0,840,USA,US,5975,Corpus Christi,0,-97.4003565495948,27.7318225985302,57.112,58.449,59.785,61.122,62.458,63.795,76.344,88.892,101.441,113.989,126.538,128.138,129.738,131.339,132.939,134.539,137.125,139.711,142.297,144.883,147.469,148.33,149.19,150.051,150.911,151.772,157.82,163.868,169.915,175.963,182.011,185.019,188.027,191.034,194.042,197.05,199.601,202.153,204.704,207.256,209.807,211.754,213.7,215.647,217.593,219.54,223.603,227.666,231.729,235.792,239.855,244.032,248.209,252.387,256.564,260.741,264.477,268.214,271.95,275.687,279.423,284.393,289.363,294.332,299.302,304.272,307.528,310.784,314.039,317.295,320.551,322.898,325.245,327.592,329.939,332.286,83
16019,16020,United States of America,32.0,840,USA,US,889,Oxnard,0,-119.180929886813,34.1888309301137,125.225,130.58,135.934,141.289,146.643,151.998,155.266,158.533,161.801,165.068,168.336,171.647,174.958,178.27,181.581,184.892,185.223,185.553,185.884,186.214,186.545,187.558,188.571,189.585,190.598,191.611,193.819,196.027,198.234,200.442,202.65,204.563,206.475,208.388,210.3,212.213,214.267,216.321,218.374,220.428,222.482,224.626,226.77,228.915,231.059,233.203,233.96,234.717,235.474,236.231,236.988,237.491,237.994,238.498,239.001,239.504,239.667,239.83,239.993,240.156,240.319,240.388,240.457,240.526,240.595,240.664,241.075,241.486,241.897,242.308,242.719,242.634,242.55,242.465,242.381,242.296,84
15804,15805,United States of America,32.0,840,USA,US,6557,Cockrell Hill,0,-96.8450082695702,32.7241740182384,,,,,,59.926,65.945,71.963,77.982,84.0,90.019,95.383,100.746,106.11,111.473,116.837,119.511,122.185,124.859,127.533,130.207,134.902,139.597,144.291,148.986,153.681,155.459,157.238,159.016,160.795,162.573,164.283,165.993,167.704,169.414,171.124,173.764,176.404,179.044,181.684,184.324,189.98,195.636,201.292,206.948,212.604,216.229,219.853,223.478,227.102,230.727,231.655,232.584,233.512,234.441,235.369,245.071,254.774,264.476,274.179,283.881,286.347,288.813,291.28,293.746,296.212,297.105,297.998,298.892,299.785,300.678,302.763,304.848,306.934,309.019,311.104,85
15907,15908,United States of America,32.0,840,USA,US,7765,Indianapolis,0,-86.1238766118987,39.7834520977218,,,,,,,,,,,,,,,,,,,,,65.804,75.88,85.955,96.031,106.106,116.182,120.599,125.016,129.432,133.849,138.266,139.636,141.006,142.375,143.745,145.115,149.844,154.573,159.301,164.03,168.759,179.948,191.137,202.327,213.516,224.705,225.479,226.254,227.028,227.803,228.577,228.869,229.161,229.454,229.746,230.038,231.723,233.408,235.092,236.777,238.462,239.518,240.574,241.63,242.686,243.742,243.997,244.252,244.506,244.761,245.016,245.12,245.224,245.328,245.432,245.536,86
15863,15864,United States of America,32.0,840,USA,US,6573,Flower Mound,0,-97.0184721265582,33.0191994455427,,,,,,,,,,,,,,,,,,,,,,,,,,,,,,,82.789,88.812,94.835,100.859,106.882,112.905,124.084,135.264,146.443,157.623,168.802,178.304,187.806,197.309,206.811,216.313,218.281,220.249,222.217,224.185,226.153,228.976,231.799,234.622,237.445,240.268,241.373,242.479,243.584,244.69,245.795,253.515,261.235,268.956,276.676,284.396,285.347,286.299,287.25,288.202,289.153,290.42,291.687,292.954,294.221,295.488,87
16054,16055,United States of America,32.0,840,USA,US,4677,Reno,0,-119.833743551812,39.5398336380641,,,,,,,,,,,,,,,,,,,,,,,,,,,,,,,136.695,140.88,145.065,149.25,153.435,157.62,164.685,171.75,178.814,185.879,192.944,197.847,202.75,207.653,212.556,217.459,218.759,220.059,221.36,222.66,223.96,225.932,227.904,229.875,231.847,233.819,235.257,236.695,238.132,239.57,241.008,242.685,244.362,246.038,247.715,249.392,250.563,251.733,252.904,254.074,255.245,256.273,257.301,258.33,259.358,260.386,88
15841,15842,United States of America,32.0,840,USA,US,7720,Elmhurst,0,-87.9083711541147,41.8955450557,194.322,194.225,194.128,194.03,193.933,193.836,193.972,194.107,194.243,194.378,194.514,194.535,194.555,194.576,194.596,194.617,196.818,199.019,201.221,203.422,205.623,208.66,211.697,214.733,217.77,220.807,219.501,218.195,216.888,215.582,214.276,213.78,213.285,212.789,212.294,211.798,212.035,212.272,212.51,212.747,212.984,215.437,217.89,220.343,222.796,225.249,224.984,224.719,224.454,224.189,223.924,223.429,222.934,222.438,221.943,221.448,221.301,221.155,221.008,220.862,220.715,220.482,220.249,220.017,219.784,219.551,217.999,216.447,214.896,213.344,211.792,211.456,211.12,210.783,210.447,210.111,89
15791,15792,United States of America,32.0,840,USA,US,7927,Charlotte,0,-80.7779477210697,35.2092676100814,,,,,,,,,,,,,,,,,,,,,,,,,,,,,,,,,,,,72.432,86.39,100.349,114.307,128.266,142.224,155.784,169.344,182.903,196.463,210.023,212.218,214.414,216.609,218.805,221.0,222.73,224.46,226.191,227.921,229.651,236.296,242.941,249.587,256.232,262.877,269.804,276.731,283.657,290.584,297.511,301.523,305.535,309.546,313.558,317.57,323.682,329.795,335.907,342.02,348.132,90
16106,16107,United States of America,32.0,840,USA,US,5875,Spokane,0,-117.414540934875,47.680100107863,,,,,,,,,,,,,,,,,,,,,89.759,96.16,102.56,108.961,115.361,121.762,123.268,124.774,126.279,127.785,129.291,136.493,143.696,150.898,158.101,165.303,169.594,173.886,178.177,182.469,186.76,192.327,197.894,203.46,209.027,214.594,215.844,217.093,218.343,219.592,220.842,221.605,222.369,223.132,223.896,224.659,226.542,228.425,230.309,232.192,234.075,236.327,238.58,240.832,243.085,245.337,246.655,247.973,249.291,250.609,251.927,252.509,253.091,253.672,254.254,254.836,91
15945,15946,United States of America,32.0,840,USA,US,5788,Layton,0,-112.011703985593,41.1041230821165,,,,,,,,,,,,,,,,,,,,,,,,,,,,,,,,,,,,87.319,102.577,117.835,133.092,148.35,163.608,167.496,171.384,175.271,179.159,183.047,190.371,197.695,205.018,212.342,219.666,224.552,229.438,234.324,239.21,244.096,247.172,250.249,253.325,256.402,259.478,261.124,262.77,264.416,266.062,267.708,271.184,274.661,278.137,281.614,285.09,286.976,288.862,290.748,292.634,294.52,92
16090,16091,United States of America,32.0,840,USA,US,7711,Schaumburg,0,-88.1131866810065,42.0184586976279,163.113,161.178,159.243,157.309,155.374,153.439,155.396,157.354,159.311,161.269,163.226,163.211,163.197,163.182,163.168,163.153,167.046,170.939,174.833,178.726,182.619,190.13,197.642,205.153,212.665,220.176,219.681,219.185,218.69,218.194,217.699,216.058,214.417,212.776,211.135,209.494,209.585,209.677,209.768,209.86,209.951,211.891,213.83,215.77,217.709,219.649,219.444,219.239,219.035,218.83,218.625,218.487,218.35,218.212,218.075,217.937,217.248,216.559,215.87,215.181,214.492,214.281,214.069,213.858,213.646,213.435,213.233,213.031,212.828,212.626,212.424,211.479,210.533,209.588,208.642,207.697,93
15878,15879,United States of America,32.0,840,USA,US,7948,Grand Rapids,0,-85.6613544045095,42.9477394008496,,,,,,,,,,,56.131,64.193,72.255,80.317,88.379,96.441,102.668,108.895,115.123,121.35,127.577,131.057,134.538,138.018,141.499,144.979,145.687,146.395,147.103,147.811,148.519,157.913,167.307,176.701,186.095,195.489,197.307,199.125,200.944,202.762,204.58,206.869,209.157,211.446,213.734,216.023,215.998,215.973,215.949,215.924,215.899,215.941,215.983,216.024,216.066,216.108,216.197,216.285,216.374,216.462,216.551,216.555,216.559,216.562,216.566,216.57,216.594,216.619,216.643,216.668,216.692,216.583,216.474,216.365,216.256,216.147,94
15799,15800,United States of America,32.0,840,USA,US,7864,Cincinnati,0,-84.4865780731554,39.1241415736649,149.634,149.217,148.801,148.384,147.968,147.551,154.108,160.665,167.221,173.778,180.335,180.888,181.441,181.995,182.548,183.101,185.67,188.239,190.807,193.376,195.945,198.546,201.147,203.749,206.35,208.951,208.53,208.109,207.689,207.268,206.847,206.455,206.063,205.671,205.279,204.887,205.185,205.484,205.782,206.081,206.379,207.996,209.613,211.23,212.847,214.464,214.663,214.862,215.061,215.26,215.459,215.724,215.99,216.255,216.521,216.786,216.979,217.173,217.366,217.56,217.753,217.861,217.97,218.078,218.187,218.295,218.367,218.438,218.51,218.581,218.653,218.59,218.527,218.464,218.401,218.338,95
15772,15773,United States of America,32.0,840,USA,US,8415,Bridgeport,0,-73.1932012810748,41.190453865821,129.611,129.541,129.471,129.402,129.332,129.262,129.483,129.704,129.925,130.146,130.367,130.613,130.859,131.104,131.35,131.596,137.648,143.7,149.751,155.803,161.855,165.504,169.154,172.803,176.453,180.102,182.58,185.058,187.537,190.015,192.493,193.859,195.225,196.59,197.956,199.322,200.418,201.514,202.61,203.706,204.802,207.098,209.394,211.69,213.986,216.282,215.981,215.679,215.378,215.076,214.775,214.028,213.28,212.533,211.785,211.038,210.747,210.455,210.164,209.872,209.581,209.208,208.834,208.461,208.087,207.714,206.749,205.785,204.82,203.856,202.891,202.364,201.838,201.311,200.785,200.258,96
16159,16160,United States of America,32.0,840,USA,US,6740,Wichita,0,-97.3116407768199,37.6771527524538,,,,,,,,,,,,,,,,,,,,,,,,,,,,,,,,,,,,56.782,71.975,87.168,102.361,117.554,132.747,140.55,148.353,156.157,163.96,171.763,180.299,188.836,197.372,205.909,214.445,214.843,215.241,215.639,216.037,216.435,217.384,218.333,219.282,220.231,221.18,221.751,222.322,222.892,223.463,224.034,224.492,224.951,225.409,225.868,226.326,226.645,226.964,227.284,227.603,227.922,97
15953,15954,United States of America,32.0,840,USA,US,6345,Lindberg,0,-97.1413709273317,32.6450533143241,,,,,,,,,,,,,,,,,,,,,,,,,,,,,,,,,,,,133.449,138.34,143.231,148.121,153.012,157.903,167.693,177.483,187.274,197.064,206.854,207.678,208.502,209.325,210.149,210.973,213.024,215.075,217.125,219.176,221.227,223.41,225.593,227.777,229.96,232.143,234.576,237.009,239.443,241.876,244.309,245.178,246.047,246.917,247.786,248.655,249.371,250.088,250.804,251.521,252.237,98
15778,15779,United States of America,32.0,840,USA,US,5359,Burien,0,-122.353839755107,47.5177198353214,,,,,,,,,,,59.544,61.781,64.018,66.255,68.492,70.729,77.175,83.621,90.067,96.513,102.959,107.263,111.568,115.872,120.177,124.481,127.09,129.699,132.308,134.917,137.526,139.182,140.837,142.493,144.148,145.804,149.282,152.759,156.237,159.714,163.192,169.345,175.498,181.651,187.804,193.957,196.185,198.412,200.64,202.867,205.095,208.588,212.08,215.573,219.065,222.558,223.837,225.116,226.396,227.675,228.954,230.144,231.333,232.523,233.712,234.902,236.208,237.513,238.819,240.124,241.43,242.586,243.743,244.899,246.056,247.212,99
15990,15991,United States of America,32.0,840,USA,US,6710,Moore,0,-97.5394869238619,35.3968030212712,,,,,,58.067,59.787,61.508,63.228,64.949,66.669,68.138,69.607,71.075,72.544,74.013,74.698,75.383,76.067,76.752,77.437,79.245,81.054,82.862,84.671,86.479,87.991,89.503,91.014,92.526,94.038,96.283,98.527,100.772,103.016,105.261,117.41,129.559,141.709,153.858,166.007,172.192,178.378,184.563,190.749,196.934,198.426,199.917,201.409,202.9,204.392,205.383,206.374,207.364,208.355,209.346,209.913,210.48,211.047,211.614,212.181,212.665,213.149,213.634,214.118,214.602,214.997,215.392,215.787,216.182,216.577,216.839,217.1,217.362,217.623,217.885,100
