Index,Year,Rank_Order,LocID,Location,Notes,ISO3_Code,ISO2_Code,City_Code,City_Name,Capital,PWCent_Latitude,PWCent_Longitude,Population,Pop_plausibility,Land_area_km2,Built-up_area_km2
1001,2025,1,360,Indonesia,,IDN,ID,5590,Jakarta,1,-6.32413937217468,106.818948660662,41913.86,High,4883,1162.15224
1002,2025,2,50,Bangladesh,,BGD,BD,6249,Dhaka,1,23.6363759668269,90.6228191873401,36585.479,Moderate,6812,455.7734762
1003,2025,3,392,Japan,,JPN,JP,6030,Tōkyō (Tokyo),1,35.6669541662186,139.654304189319,33412.512,High,5148,1521.187323
1004,2025,4,356,India,,IND,IN,8364,New Delhi,1,28.6187749088021,77.21940617975,30222.405,High,2101,563.0308874
1005,2025,5,156,China,5.0,CHN,CN,11738,Shanghai,0,31.2117317832414,121.43629611567,29558.908,High,3130,803.2426102
1006,2025,6,156,China,5.0,CHN,CN,11306,Guangzhou,0,23.0089661244062,113.411394427895,27563.372,High,4542,1120.066419
1007,2025,7,818,Egypt,,EGY,EG,4435,Al-Qahirah (Cairo),1,30.0694224832631,31.2546510114236,25566.102,Moderate,1645,384.8367883
1008,2025,8,608,Philippines,,PHL,PH,2369,Manila,1,14.5826934866925,121.018907505467,24735.305,High,2438,483.0191075
1009,2025,9,356,India,,IND,IN,11821,Kolkata,0,22.5758628715012,88.3497547007772,22549.738,Moderate,2329,347.2162088
1010,2025,10,410,Republic of Korea,,KOR,KR,332,Seoul,1,37.4888394650353,126.945208841006,22490.482,Moderate,2255,521.1867025
1011,2025,11,586,Pakistan,,PAK,PK,2578,Karachi,0,24.8978594375083,67.0666010739718,21422.59,Moderate,870,213.5527494
1012,2025,12,356,India,,IND,IN,7945,Mumbai,0,19.1338263852258,72.8868793859011,20203.056,Moderate,740,151.9357874
1013,2025,13,76,Brazil,,BRA,BR,7303,São Paulo,0,-23.5760930543988,-46.5991373067535,18949.79,High,2044,678.0191477
1014,2025,14,764,Thailand,,THA,TH,2286,Krung Thep Maha Nakhon (Bangkok),1,13.7627110228256,100.553838182764,18180.28,High,2661,680.1676978
1015,2025,15,484,Mexico,,MEX,MX,5439,Ciudad de México (Mexico City),1,19.4490385730365,-99.1019350833721,17734.212,High,2097,643.372139
1016,2025,16,156,China,5.0,CHN,CN,9020,Beijing,1,39.9287511255202,116.37244447074,17013.303,High,1713,487.4579095
1017,2025,17,586,Pakistan,,PAK,PK,8021,Lahore,0,31.5358557480228,74.2878513894543,15156.43,Moderate,967,264.8781145
1018,2025,18,792,Türkiye,,TUR,TR,2626,Istanbul,0,41.0124620184707,28.9887600047104,15014.763,Moderate,1268,304.4511125
1019,2025,19,643,Russian Federation,,RUS,RU,2485,Moskva (Moscow),1,55.7492976349446,37.638297331052,14524.753,Moderate,1561,325.0508534
1020,2025,20,704,Viet Nam,,VNM,VN,5435,Ho Chi Minh City,0,10.8303014122712,106.693833738061,14052.713,High,1546,391.7813719
1021,2025,21,32,Argentina,,ARG,AR,4459,Buenos Aires,1,-34.653240446076,-58.5227127449842,14017.736,Moderate,2164,710.2826887
1022,2025,22,840,United States of America,32.0,USA,US,8354,New York City,0,40.7382350340076,-73.934964775162,13920.148,High,2691,678.7178841
1023,2025,23,156,China,5.0,CHN,CN,11478,Shenzhen,0,22.6575787307111,114.010257375385,13878.396,High,1459,344.7379188
1024,2025,24,356,India,,IND,IN,9949,Bengaluru,0,13.0141858033658,77.556695015528,13187.098,Moderate,642,176.3630664
1025,2025,25,392,Japan,,JPN,JP,4490,Osaka,0,34.7216752509288,135.477626457907,12964.145,High,2229,655.841877
1026,2025,26,566,Nigeria,,NGA,NG,1265,Lagos,0,6.57073074351101,3.30947828447602,12791.699,Moderate,1231,452.7294025
1027,2025,27,840,United States of America,32.0,USA,US,1725,Los Angeles,0,33.9870848453669,-118.09413368817,12740.42,Moderate,3699,1238.594447
1028,2025,28,24,Angola,,AGO,AO,939,Luanda,1,-8.88503519011572,13.2999590448977,11370.127,High,1039,316.3002543
1029,2025,29,356,India,,IND,IN,10747,Chennai,0,13.0388825740329,80.1945664009242,11153.205,High,1059,234.7592275
1030,2025,30,180,Democratic Republic of the Congo,,COD,CD,1854,Kinshasa,1,-4.38389174114157,15.3265555689244,10943.641,Moderate,511,173.7736829
1031,2025,31,170,Colombia,,COL,CO,3883,Bogotá,1,4.64669694301196,-74.1154642326586,10624.315,Moderate,542,169.2736062
1032,2025,32,604,Peru,,PER,PE,1987,Lima,1,-12.0387495667639,-77.009374335249,10580.241,High,1026,304.8534481
1033,2025,33,826,United Kingdom,21.0,GBR,GB,5938,London,1,51.5097885891913,-0.126303973484058,10416.42,High,1646,426.2343188
1034,2025,34,356,India,,IND,IN,11027,Hajipur,0,25.8288263857421,85.5364099232595,9941.51,High,3092,178.344913
1035,2025,35,76,Brazil,,BRA,BR,7935,Rio de Janeiro,0,-22.84580558584,-43.3667336343256,9500.336,High,1260,342.925195
1036,2025,36,250,France,26.0,FRA,FR,2994,Paris,1,48.8486645886702,2.356312029588,9381.921,High,1381,372.4040325
1037,2025,37,356,India,,IND,IN,9913,Hyderabad,0,17.4165008146067,78.4763701379343,9190.795,High,889,243.3368512
1038,2025,38,364,Iran (Islamic Republic of),,IRN,IR,5264,Tehrān (Tehran),1,35.6937437491996,51.3555456456545,9174.964,High,786,250.1809678
1039,2025,39,158,"China, Taiwan Province of China",8.0,TWN,TW,12128,Taipei,1,25.0220284820622,121.463758329509,9136.792,Moderate,937,215.5150922
1040,2025,40,360,Indonesia,,IDN,ID,5991,Bandung,0,-6.92767523586228,107.630717580946,8909.104,Moderate,1016,206.1605041
1041,2025,41,458,Malaysia,9.0,MYS,MY,1629,Kuala Lumpur,1,3.10136688137099,101.643811960075,8443.731,High,1345,339.52865
1042,2025,42,834,United Republic of Tanzania,3.0,TZA,TZ,3566,Dar es Salaam,1,-6.83451250342305,39.2172596829149,7795.114,High,909,214.2865295
1043,2025,43,156,China,5.0,CHN,CN,11632,Suzhou,0,31.3057652448582,120.685169362717,7731.101,High,1169,266.061605
1044,2025,44,356,India,,IND,IN,6408,Ahmedabad,0,23.0193306086631,72.5987263224958,7632.408,High,365,117.5671501
1045,2025,45,156,China,5.0,CHN,CN,11700,Hangzhou,0,30.2215758145731,120.284410212867,7500.208,Moderate,1610,390.7574432
1046,2025,46,156,China,5.0,CHN,CN,10474,Wuhan,0,30.5664007293655,114.294175132754,7363.548,High,711,158.9469592
1047,2025,47,156,China,5.0,CHN,CN,9414,Tianjin,0,39.1338416128918,117.193930714101,7285.342,Moderate,541,155.9487034
1048,2025,48,818,Egypt,,EGY,EG,275,Alexandria,0,31.1926035557786,29.9547244468218,7266.957,Moderate,591,116.8782608
1049,2025,49,392,Japan,,JPN,JP,5245,Nagoya,0,35.1611634159026,136.930424645218,7146.16,Moderate,1979,575.5290592
1050,2025,50,710,South Africa,,ZAF,ZA,3664,Johannesburg,0,-26.2190177988176,28.0106377332688,7077.175,Moderate,1445,406.2519527
1051,2025,51,156,China,5.0,CHN,CN,8833,Chongqing,0,29.5463020793194,106.516105973276,7071.073,Moderate,551,116.6664095
1052,2025,52,682,Saudi Arabia,,SAU,SA,2961,Ar-Riyāḑ (Riyadh),1,24.6927573912197,46.7235425960895,6916.417,Moderate,1091,369.9540901
1053,2025,53,356,India,,IND,IN,7233,Surat,0,21.1738860089131,72.7688667446774,6908.925,Low,287,59.82510819
1054,2025,54,360,Indonesia,,IDN,ID,7728,Surabaya,0,-7.38512687750679,112.681936844888,6843.503,High,1303,252.8248364
1055,2025,55,356,India,,IND,IN,8616,Pune,0,18.5340124107567,73.8646449028678,6817.951,High,585,146.1876946
1056,2025,56,729,Sudan,,SDN,SD,4325,Al-Kharṭūm (Khartoum),1,15.6063067356284,32.5075411231547,6809.355,High,971,268.265237
1057,2025,57,156,China,5.0,CHN,CN,11254,Nanjing,0,32.0332621888264,118.782109655727,6800.676,High,723,163.4503845
1058,2025,58,152,Chile,,CHL,CL,2380,Santiago,1,-33.4976340593221,-70.6544145579241,6726.045,Moderate,803,239.0783882
1059,2025,59,231,Ethiopia,,ETH,ET,6353,Ādīs Ᾱbeba (Addis Ababa),1,9.00578119930776,38.7494189124444,6705.705,Moderate,489,126.4619687
1060,2025,60,384,Côte d'Ivoire,,CIV,CI,3439,Abidjan,1,5.35686962197229,-4.0187777204074,6621.711,High,524,158.6126592
1061,2025,61,156,China,5.0,CHN,CN,11800,Chaozhou,0,23.5101851559187,116.507759528126,6407.77,High,1223,237.8251126
1062,2025,62,400,Jordan,,JOR,JO,850,Ammān (Amman),1,31.983151544749,35.9610374522289,6403.666,High,530,145.0459103
1063,2025,63,368,Iraq,,IRQ,IQ,3303,Baghdād (Baghdad),1,33.3363308410998,44.3891287647548,6390.735,High,701,205.3496097
1064,2025,64,156,China,5.0,CHN,CN,6602,Chengdu,0,30.6727031617163,104.044138630619,6139.874,High,866,218.0489086
1065,2025,65,404,Kenya,,KEN,KE,2033,Nairobi,1,-1.2627560523326,36.8490589820377,6134.334,High,638,136.1292671
1066,2025,66,356,India,,IND,IN,9587,Kozhikode,0,11.1608183780952,75.9186710046105,6123.872,Moderate,1078,78.13876132
1067,2025,67,156,China,5.0,CHN,CN,10098,Shenyang,0,41.7982828231975,123.388730573095,5702.638,High,481,159.5470766
1068,2025,68,4,Afghanistan,,AFG,AF,4703,Kābul (Kabul),1,34.529842756036,69.1519232836843,5635.737,Moderate,386,71.3508874
1069,2025,69,566,Nigeria,,NGA,NG,7330,Onitsha,0,6.0653588300561,6.92150045623588,5627.706,Moderate,1093,215.5980491
1070,2025,70,104,Myanmar,,MMR,MM,5433,Yangon,0,16.8631130454108,96.1451368954167,5618.303,High,511,110.1316119
1071,2025,71,288,Ghana,,GHA,GH,3336,Accra,1,5.60697964239015,-0.213383729026057,5592.78,Low,1119,358.0317793
1072,2025,72,724,Spain,25.0,ESP,ES,3440,Madrid,1,40.4052798628849,-3.70941290761767,5583.601,Moderate,645,147.8703844
1073,2025,73,586,Pakistan,,PAK,PK,7724,Faisalabad,0,31.4227720051811,73.087885763103,5566.382,Moderate,341,87.62933072
1074,2025,74,124,Canada,,CAN,CA,2925,Toronto,0,43.7272807070492,-79.4789114700423,5494.431,High,1360,358.9451557
1075,2025,75,364,Iran (Islamic Republic of),,IRN,IR,7072,Mashhad,0,36.3428269376984,59.4892712330406,5398.248,Moderate,482,93.08440108
1076,2025,76,784,United Arab Emirates,,ARE,AE,865,Dubai,0,25.2338468895282,55.342968798475,5283.789,High,903,225.5950514
1077,2025,77,156,China,5.0,CHN,CN,8371,Xi'an,0,34.2572060763642,108.946052262546,5231.053,High,622,194.4932438
1078,2025,78,144,Sri Lanka,,LKA,LK,615,Sri Jayawardenepura Kotte - Colombo,1,6.91800759829027,79.9305263346375,5223.838,Moderate,1342,245.3115281
1079,2025,79,120,Cameroon,,CMR,CM,2324,Yaoundé,1,3.841028039734,11.5174590168424,5106.087,High,334,88.57528171
1080,2025,80,356,India,,IND,IN,9765,Kochi,0,9.94180040596746,76.3296322548313,5077.67,High,1261,177.6543751
1081,2025,81,704,Viet Nam,,VNM,VN,1975,Hà Nội (Hanoi),1,21.0098618850427,105.83552531084,5068.414,Moderate,870,164.9048882
1082,2025,82,356,India,,IND,IN,9717,Lucknow,0,26.8579922909768,80.9606235527339,5052.444,High,506,116.1695523
1083,2025,83,50,Bangladesh,,BGD,BD,7537,Chattogram,0,22.3761473785248,91.8102125986098,4983.553,Moderate,524,66.64434866
1084,2025,84,702,Singapore,,SGP,SG,165,Singapore,1,1.34880908155839,103.843119852172,4963.998,Moderate,367,102.4588333
1085,2025,85,800,Uganda,,UGA,UG,1866,Kampala,1,0.317628435218838,32.5730783104801,4880.943,Moderate,816,182.7870015
1086,2025,86,156,China,5.0,CHN,CN,9574,Zhengzhou,0,34.7653978034782,113.65921611618,4878.035,High,582,151.8041172
1087,2025,87,156,China,5.0,CHN,CN,10990,Hefei,0,31.8490365594435,117.271198539435,4867.0,High,500,134.4344552
1088,2025,88,586,Pakistan,,PAK,PK,7017,Islāmābād,1,33.6089892958376,73.0613643868068,4860.084,High,559,145.588258
1089,2025,89,566,Nigeria,,NGA,NG,8435,Kano,0,11.9851478884668,8.50822035337246,4840.28,High,430,133.0369237
1090,2025,90,344,"China, Hong Kong SAR",6.0,HKG,HK,11566,Tamar (Hong Kong),1,22.3171136953833,114.183049066379,4749.543,Low,219,35.99409979
1091,2025,91,643,Russian Federation,,RUS,RU,568,Saint Petersburg,0,59.9342673204803,30.3373207859249,4736.499,Moderate,509,120.4035507
1092,2025,92,214,Dominican Republic,,DOM,DO,1455,Santo Domingo,1,18.4914840401414,-69.9149824356867,4600.064,High,512,130.421007
1093,2025,93,710,South Africa,,ZAF,ZA,413,Cape Town,1,-33.977440029488,18.5976522117349,4508.921,High,715,190.5726785
1094,2025,94,504,Morocco,,MAR,MA,2076,Casablanca,0,33.5811053076885,-7.54285483078069,4457.471,High,411,73.20306689
1095,2025,95,706,Somalia,,SOM,SO,3197,Muqdisho (Mogadishu),1,2.05787629018564,45.331386491358,4399.43,Low,206,57.0587508
1096,2025,96,156,China,5.0,CHN,CN,9738,Harbin,0,45.7443967867319,126.658911099244,4376.259,High,417,111.7740147
1097,2025,97,356,India,,IND,IN,9603,Kanpur,0,26.4592679036797,80.336990284909,4329.973,Moderate,306,75.54220196
1098,2025,98,288,Ghana,,GHA,GH,1468,Kumasi,0,6.69043557741572,-1.61400289614169,4297.984,Moderate,439,138.3427715
1099,2025,99,760,Syrian Arab Republic,,SYR,SY,1404,Dimashq (Damascus),1,33.502395068608,36.3064529050268,4287.746,Moderate,370,86.13009041
1100,2025,100,682,Saudi Arabia,,SAU,SA,1086,Jeddah,0,21.5228625213055,39.2144212556164,4284.08,Moderate,699,172.0205504
